job,link,company,experience,salary,location,skill
IN4 | Senior Software Engineer | Java Developer,https://www.naukri.com/job-listings-in4-senior-software-engineer-java-developer-walmart-global-tech-india-other-0-to-5-years-030422901213?src=jobsearchDesk&sid=16494014046698949&xp=1&px=1,Walmart Global Tech India,0-5 Yrs,Not disclosed,Other,"NA, "
Java Developer | Trigent Software,https://www.naukri.com/job-listings-java-developer-trigent-software-trigent-software-private-limited-bangalore-bengaluru-0-to-3-years-280322001646?src=jobsearchDesk&sid=16494014046698949&xp=2&px=1,Trigent,0-3 Yrs,Not disclosed,Bangalore/Bengaluru,"Maven, AJAX, analytical, JSP, Sql queries, Core Java, written, Struts, "
Java/J2ee Developer,https://www.naukri.com/job-listings-java-j2ee-developer-veritis-solutions-india-pvt-ltd-hyderabad-secunderabad-0-to-2-years-070422004830?src=jobsearchDesk&sid=16494014046698949&xp=3&px=1,Veritis Solutions India Pvt. Ltd.,0-2 Yrs,Not disclosed,Hyderabad/Secunderabad,"java, Servlets, J2EE, Spring Boot, Spring, Core Java, IT Skills, springboot, "
Full Stack Java Developer - Fresher (Chennai Location),https://www.naukri.com/job-listings-full-stack-java-developer-fresher-chennai-location-fiserv-india-pvt-ltd-chennai-0-to-1-years-040422008254?src=jobsearchDesk&sid=16494014046698949&xp=4&px=1,Fiserv,0-1 Yrs,Not disclosed,Chennai,"Java, Angular, OOPs, SpringBoot, Java Programming, Springboot Java, Hibernate, Full Stack, "
"Developer Associate | SAP UI5, Java and SCP",https://www.naukri.com/job-listings-developer-associate-sap-ui5-java-and-scp-sap-india-pvt-ltd-bangalore-bengaluru-0-to-3-years-040422906084?src=jobsearchDesk&sid=16494014046698949&xp=6&px=1,SAP India Pvt.Ltd,0-3 Yrs,Not disclosed,Bangalore/Bengaluru,"Java, SCP, SAP UI5, object-oriented programming, RDBMS, test automation tools, SQL, "
Java Developer,https://www.naukri.com/job-listings-java-developer-cardinal-health-bangalore-bengaluru-bangalore-0-to-0-years-060422905222?src=jobsearchDesk&sid=16494014046698949&xp=9&px=1,Cardinal Health,0-0 Yrs,Not disclosed,"Bangalore/Bengaluru, Bangalore","Java Developer, spring boot, Angularjs, Springboot, "
Java Developer,https://www.naukri.com/job-listings-java-developer-learnjobs-hyderabad-secunderabad-bangalore-bengaluru-mumbai-all-areas-0-to-1-years-040422005205?src=jobsearchDesk&sid=16494014046698949&xp=10&px=1,LearnJobs,0-1 Yrs,"3,50,000 - 4,00,000 PA.","Hyderabad/Secunderabad, Bangalore/Bengaluru, Mumbai (All Areas)","Software Development Life Cycle, CSS, Core Java, Spring MVC, j2ee, node.js, Javascript, html, "
Urgent Requirement For Java Developer & Software Tester,https://www.naukri.com/job-listings-urgent-requirement-for-java-developer-software-tester-stigentech-it-services-private-limited-hyderabad-secunderabad-bangalore-bengaluru-0-to-4-years-300322005340?src=jobsearchDesk&sid=16494014046698949&xp=11&px=1,Stigentech It Services Private Limited,0-4 Yrs,"2,50,000 - 7,50,000 PA.","Hyderabad/Secunderabad, Bangalore/Bengaluru(WFH during Covid)","Java, Communication, Selenium, Angularjs, Software Testing, Appium, HTML, Node.Js, "
JAVA Software Developer : B.tech / MCA / MSc / BSc Freshers,https://www.naukri.com/job-listings-java-software-developer-b-tech-mca-msc-bsc-freshers-milestone-online-services-private-limited-kolkata-0-to-1-years-280322001447?src=jobsearchDesk&sid=16494014046698949&xp=12&px=1,Milestone Online services Private Limited,0-1 Yrs,"1,75,000 - 2,50,000 PA.",Kolkata,"Java, Angular, Android, MEAN Stack, React, IT Skills, B Tech Fresher, Angularjs, "
Java Developer (DM 3341),https://www.naukri.com/job-listings-java-developer-dm-3341-oodles-technologies-pvt-ltd-gurgaon-gurugram-0-to-1-years-070422001978?src=jobsearchDesk&sid=16494014046698949&xp=14&px=1,Oodles Technologies Pvt Ltd,0-1 Yrs,Not disclosed,Gurgaon/Gurugram,"spring boot, java, OOPS, SQL, "
Java Full Stack Developer,https://www.naukri.com/job-listings-java-full-stack-developer-avics-pune-0-to-2-years-250322909173?src=jobsearchDesk&sid=16494014046698949&xp=15&px=1,AVICS,0-2 Yrs,Not disclosed,Pune(WFH during Covid),"Java, CSS, Core Java, web services, jdbc, hibernate, javascript, spring, "
Java Developer,https://www.naukri.com/job-listings-java-developer-strydo-technologies-pvt-ltd-tirupati-vellore-0-to-1-years-020422003796?src=jobsearchDesk&sid=16494014046698949&xp=16&px=1,STRYDO TECHNOLOGIES PVT LTD ,0-1 Yrs,"1,00,000 - 2,00,000 PA.","Tirupati, Vellore","java, MySQL, j2ee, Javascript, web application development, Communication, MySQL server, MS Access, "
HCL Technologies Hiring Java Developers with 6 months To 2 years exp.,https://www.naukri.com/job-listings-hcl-technologies-hiring-java-developers-with-6-months-to-2-years-exp-hcl-technologies-ltd-noida-hyderabad-secunderabad-chennai-bangalore-bengaluru-0-to-2-years-300322001011?src=jobsearchDesk&sid=16494014046698949&xp=17&px=1,HCL Technologies,0-2 Yrs,Not disclosed,"Noida, Hyderabad/Secunderabad, Chennai, Bangalore/Bengaluru(WFH during Covid)","Java, Javascript, IT Skills, Core Java Development, "
Developer Associate - JAVA,https://www.naukri.com/job-listings-developer-associate-java-sap-india-pvt-ltd-bangalore-bengaluru-0-to-3-years-310322911309?src=jobsearchDesk&sid=16494014046698949&xp=18&px=1,SAP India Pvt.Ltd,0-3 Yrs,Not disclosed,Bangalore/Bengaluru,"JavaScript, REACT, AJAX, IT Skills, Java, J2EE, Testing, Node.js, "
Java Software Developer,https://www.naukri.com/job-listings-java-software-developer-nexgensis-technologies-private-limited-pune-0-to-0-years-010422005892?src=jobsearchDesk&sid=16494014046698949&xp=19&px=1,Nexgensis Technologies Private Limited,0-0 Yrs,"2,00,000 - 4,00,000 PA.",Pune,"Java, Core Java, Hibernate, Spring Boot, Spring, REST APIs, design patterns, communication, "
Java Developer-solution Engineer,https://www.naukri.com/job-listings-java-developer-solution-engineer-2coms-kolkata-kolkata-0-to-5-years-020422902253?src=jobsearchDesk&sid=16494014046698949&xp=20&px=1,2Coms,0-5 Yrs,"50,000 - 2,00,000 PA.","Kolkata, Kolkata","IT Skills, Java, Magento, "
Full Stack Developer - Node.js/Javascript/MongoDB,https://www.naukri.com/job-listings-full-stack-developer-node-js-javascript-mongodb-intelliticks-delhi-ncr-0-to-2-years-060422904571?src=jobsearchDesk&sid=16494014078625349&xp=1&px=1,IntelliTicks,0-2 Yrs,Not disclosed,Delhi / NCR,"Javascript, Node.js, MongoDB, NodeJS, Angular2, Meteor, Angular 2 0, AWS Google Cloud, "
"Developer - JavaScript, HTML5, CSS3",https://www.naukri.com/job-listings-developer-javascript-html5-css3-jivox-software-india-private-limited-bangalore-bengaluru-0-to-4-years-300720004260?src=jobsearchDesk&sid=16494014078625349&xp=2&px=1,JIVOX SOFTWARE INDIA PRIVATE LIMITED,0-4 Yrs,"3,50,000 - 7,00,000 PA.",Bangalore/Bengaluru(Sarjapur)(WFH during Covid),"CSS, Javascript, HTML, Digital Marketing, CSS3, XML, Debugging, communication, "
Full Stack Developer - Angular 4/ JavaScript,https://www.naukri.com/job-listings-full-stack-developer-angular-4-javascript-gharoffice-bangalore-bengaluru-0-to-5-years-271221902080?src=jobsearchDesk&sid=16494014078625349&xp=3&px=1,GharOffice,0-5 Yrs,Not disclosed,Bangalore/Bengaluru,"TypeScript, JavaScript, Angular 4, communication, CICD, Angular 4+, Git, Mongo DBDynamoDB, "
Software Product Developer Engineer - Asp .Net MVC C# SQL JavaScript,https://www.naukri.com/job-listings-software-product-developer-engineer-asp-net-mvc-c-sql-javascript-steerminds-pvt-ltd-bangalore-bengaluru-0-to-2-years-300322000547?src=jobsearchDesk&sid=16494014078625349&xp=4&px=1,Steerminds Pvt Ltd,0-2 Yrs,Not disclosed,Bangalore/Bengaluru(Mico Layout +1),"IT Skills, Testing, C#, XAML, Web Api, LINQ, HTML, JSON, "
"Frontend UI (HTML, CSS, JavaScript) Developer",https://www.naukri.com/job-listings-frontend-ui-html-css-javascript-developer-securly-software-india-pvt-ltd-pune-0-to-2-years-280322002641?src=jobsearchDesk&sid=16494014078625349&xp=5&px=1,Securly Software,0-2 Yrs,Not disclosed,Pune(Senapati Bapat Road),"css, html, javascript, CSS framework, Angular, Bootstrap, React, SASS, "
MEAN Stack Developer - Node.js/Express.js/Javascript,https://www.naukri.com/job-listings-mean-stack-developer-node-js-express-js-javascript-codinova-technologies-noida-0-to-4-years-150222900819?src=jobsearchDesk&sid=16494014078625349&xp=6&px=1,Codinova Technologies,0-4 Yrs,Not disclosed,Noida,"Node.js, Express.js, MEAN Stack, Java Script, React Native, Node js, MEAN, SQLNo SQL, "
Freshers JavaScript Developer,https://www.naukri.com/job-listings-freshers-javascript-developer-vidya-mantra-edusystems-pvt-ltd-noida-0-to-3-years-101021000019?src=jobsearchDesk&sid=16494014078625349&xp=7&px=1,Vidya Mantra Edusystems,0-3 Yrs,Not disclosed,Noida(NSEZ),"communication, analytical, MEAN, object oriented programming, DOM, React js, HTML5, CSS3, "
JavaScript Developer,https://www.naukri.com/job-listings-javascript-developer-excellence-technosoft-private-limited-noida-delhi-ncr-0-to-1-years-040918002936?src=jobsearchDesk&sid=16494014078625349&xp=8&px=1,Excellence Technosoft Private Limited,0-1 Yrs,"1,75,000 - 2,25,000 PA.","Noida, Delhi / NCR","CSS, Javascript, HTML, Agile, jQuery, Bootstrap, RWD, CSS3, "
JavaScript Developer || Immediate Joiners || Location Hyderabad,https://www.naukri.com/job-listings-javascript-developer-immediate-joiners-location-hyderabad-valuelabs-llp-indore-hyderabad-secunderabad-0-to-1-years-290322004308?src=jobsearchDesk&sid=16494014078625349&xp=9&px=1,ValueLabs,0-1 Yrs,Not disclosed,"Indore, Hyderabad/Secunderabad(WFH during Covid)","CSS, Javascript, Angular, Mysql, analytical, verbal communication, OOJS, HTML, "
JavaScript Developer- KGL- Andheri location.,https://www.naukri.com/job-listings-javascript-developer-kgl-andheri-location-cjk-knowledgeworks-global-india-private-limited-mumbai-all-areas-0-to-5-years-290322000826?src=jobsearchDesk&sid=16494014078625349&xp=10&px=1,CJK KNOWLEDGEWORKS GLOBAL INDIA PRIVATE LIMITED,0-5 Yrs,Not disclosed,Mumbai (All Areas),"IT Skills, Testing, CSS, Javascript, AWS, Node.Js, React.Js, "
Python/Django Developer - AWS/Javascript,https://www.naukri.com/job-listings-python-django-developer-aws-javascript-gm-ware-kolkata-mumbai-hyderabad-secunderabad-pune-ahmedabad-chennai-bangalore-bengaluru-delhi-ncr-0-to-5-years-230222904167?src=jobsearchDesk&sid=16494014078625349&xp=11&px=1,GM WARE,0-5 Yrs,Not disclosed,"Kolkata, Mumbai, Hyderabad/Secunderabad, Pune, Ahmedabad, Chennai, Bangalore/Bengaluru, Delhi / NCR","Django, Javascript, Python, Django framework, front - end technologies, HTML5, object - relational mapping ( ORM ), IT Skills, "
Hiring For JavaScript Freshers,https://www.naukri.com/job-listings-hiring-for-javascript-freshers-synactive-india-private-limited-hyderabad-secunderabad-0-to-2-years-060422006099?src=jobsearchDesk&sid=16494014078625349&xp=12&px=1,SYNACTIVE INDIA PRIVATE LIMITED,0-2 Yrs,"1,50,000 - 3,00,000 PA.",Hyderabad/Secunderabad,"OOP, SAP ERP, MS Access, PowerPoint, 3 - Tier architecture, object oriented programming, SAP, Excel, "
Freshers Javascript Developer,https://www.naukri.com/job-listings-freshers-javascript-developer-codelogicx-technologies-private-limited-kolkata-0-to-1-years-120620500901?src=jobsearchDesk&sid=16494014078625349&xp=13&px=1,Codelogicx Technologies Private Limited,0-1 Yrs,Not disclosed,Kolkata,"verbal, GIT, written, DOM, Mocha, object oriented programming, Javascript, HTML5, "
Full Stack Developer - Angular 4/Javascript,https://www.naukri.com/job-listings-full-stack-developer-angular-4-javascript-gharoffice-bangalore-bengaluru-0-to-5-years-311221902970?src=jobsearchDesk&sid=16494014078625349&xp=14&px=1,GharOffice,0-5 Yrs,Not disclosed,Bangalore/Bengaluru,"Javascript, Full Stack, Angular 4, DynamoDB, communication, CICD, Angular 4+, Git, "
Full Stack Developer - Angular 4/JavaScript,https://www.naukri.com/job-listings-full-stack-developer-angular-4-javascript-gharoffice-bangalore-bengaluru-0-to-5-years-280122908770?src=jobsearchDesk&sid=16494014078625349&xp=15&px=1,GharOffice,0-5 Yrs,Not disclosed,Bangalore/Bengaluru,"JavaScript, HTML, Angular 4, Integration testing, TypeScript, Kanban, RESTful, Agile, "
Full Stack Developer - Angular 4/Javascript,https://www.naukri.com/job-listings-full-stack-developer-angular-4-javascript-gharoffice-bangalore-bengaluru-0-to-5-years-150921908743?src=jobsearchDesk&sid=16494014078625349&xp=16&px=1,GharOffice,0-5 Yrs,Not disclosed,Bangalore/Bengaluru,"Integration testing, TypeScript, Kanban, RESTful, Agile, RDBMS, Scrum, communication, "
Full stack Javascript Developer,https://www.naukri.com/job-listings-full-stack-javascript-developer-synergenie-solutions-pune-0-to-4-years-310321500166?src=jobsearchDesk&sid=16494014078625349&xp=17&px=1,Synergenie Solutions,0-4 Yrs,Not disclosed,Pune,"written, communication, NodeJs, Typescript, Javascript, debugging, ES6 / 7 / 8, verbal, "
Frontend Developer – JavaScript,https://www.naukri.com/job-listings-frontend-developer-javascript-momentum-metropolitan-services-private-limited-mumbai-0-to-5-years-240122501093?src=jobsearchDesk&sid=16494014078625349&xp=18&px=1,Momentum Metropolitan Services Private Limited,0-5 Yrs,Not disclosed,Mumbai,"Java, Angular, AWS Cloud, IT Skills, Cloud, AWS, Java Developer, Frontend Developer, "
Full Stack Developer - Node.js/Javascript/MongoDB,https://www.naukri.com/job-listings-full-stack-developer-node-js-javascript-mongodb-intelliticks-delhi-ncr-0-to-2-years-210222907912?src=jobsearchDesk&sid=16494014078625349&xp=19&px=1,IntelliTicks,0-2 Yrs,Not disclosed,Delhi / NCR,"Javascript, Node.js, MongoDB, AWS Google Cloud, NodeJS, AWS, Angular 2 0, Angular2, "
AngularJS Developer - HTML5/Javascript,https://www.naukri.com/job-listings-angularjs-developer-html5-javascript-young-mind-technology-solutions-tirupati-karnataka-telangana-andhra-pradesh-tamil-nadu-0-to-2-years-090222910535?src=jobsearchDesk&sid=16494014078625349&xp=20&px=1,Young Mind Technology Solutions,0-2 Yrs,Not disclosed,"Tirupati, Karnataka, Telangana, Andhra Pradesh, Tamil Nadu","Angular 2+, CSS, HTML5, multi - threading, JavaScript, communication, AngularJS, JS, "
PHP/Back End Developer  - Remote,https://www.naukri.com/job-listings-php-back-end-developer-remote-coalition-india-kolkata-chandigarh-hyderabad-secunderabad-pune-chennai-amritsar-bangalore-bengaluru-delhi-ncr-mumbai-all-areas-0-to-5-years-291221009303?src=jobsearchDesk&sid=16494014402828560&xp=1&px=1,Coalition India,0-5 Yrs,Not disclosed,"Kolkata, Chandigarh, Hyderabad/Secunderabad, Pune, Chennai, Amritsar, Bangalore/Bengaluru, Delhi / NCR, Mumbai (All Areas)","Php, IT Skills, Javascript, Salesforce, Mysql, Wordpress, Magento, Version Control, "
PHP Developer,https://www.naukri.com/job-listings-php-developer-miraki-technologies-pvt-ltd-hyderabad-secunderabad-0-to-4-years-070422008697?src=jobsearchDesk&sid=16494014402828560&xp=2&px=1,Miraki Technologies Pvt Ltd,0-4 Yrs,Not disclosed,Hyderabad/Secunderabad,"PHP, Laravel, Angular, IT Skills, Testing, Angularjs, HTML, CSS, "
Junior PHP Developer Wanted -- Immediate Opening,https://www.naukri.com/job-listings-junior-php-developer-wanted-immediate-opening-focusbytes-private-limited-chennai-0-to-2-years-070422005657?src=jobsearchDesk&sid=16494014402828560&xp=3&px=1,FOCUSBYTES PRIVATE LIMITED,0-2 Yrs,Not disclosed,Chennai(Mylapore +1),"PHP, CSS3, Wordpress, PHP Framework, HTML5, jQuery, IT Skills, Wordpress CMS, "
PHP Developer,https://www.naukri.com/job-listings-php-developer-snaphunt-ahmedabad-0-to-5-years-210222009707?src=jobsearchDesk&sid=16494014402828560&xp=6&px=1,Snaphunt,0-5 Yrs,"3,00,000 - 6,00,000 PA.",Ahmedabad,"php, Communication, PHPUnit, PSR, HTML, JavaScript, analytical, troubleshooting, "
PHP Developer,https://www.naukri.com/job-listings-php-developer-snaphunt-pune-0-to-2-years-060422004423?src=jobsearchDesk&sid=16494014402828560&xp=8&px=1,Snaphunt,0-2 Yrs,"1,75,000 - 2,25,000 PA.",Pune,"PHP, laravel, git, web services, codeigniter, web technologies, mvc, sql, "
Software Developer(PHP/Full Stack),https://www.naukri.com/job-listings-software-developer-php-full-stack-codefire-technologies-private-limited-noida-0-to-2-years-040422003485?src=jobsearchDesk&sid=16494014402828560&xp=9&px=1,Codefire Technologies Private Limited,0-2 Yrs,"1,50,000 - 3,00,000 PA.",Noida,"Programming skills, Problem Solving Skills, IT Skills, Java, J2EE, Python, PHP, Testing, "
PHP Web Developer,https://www.naukri.com/job-listings-php-web-developer-mercuryminds-chennai-0-to-2-years-040422008155?src=jobsearchDesk&sid=16494014402828560&xp=10&px=1,MercuryMinds,0-2 Yrs,Not disclosed,Chennai(WFH during Covid),"Wordpress, PHP, JSON, Laravel, Codeigniter Framework, Zend, AJAX, JQuery, "
Php And Web Developer,https://www.naukri.com/job-listings-php-and-web-developer-evg-software-solutions-noida-delhi-ncr-0-to-2-years-040422007226?src=jobsearchDesk&sid=16494014402828560&xp=11&px=1,EVG Software Solutions,0-2 Yrs,"1,25,000 - 2,50,000 PA.","Noida, Delhi / NCR","css, HTML, Core PHP, debugging, data structures, Codeigniter, JavaScript, LAMP Stack, "
PHP Developer,https://www.naukri.com/job-listings-php-developer-snaphunt-kolkata-0-to-3-years-280322009533?src=jobsearchDesk&sid=16494014402828560&xp=12&px=1,Snaphunt,0-3 Yrs,"1,25,000 - 2,50,000 PA.",Kolkata,"CS CART, REST, Laravel, Zend, written communication, SOAP, HTML, Codeigniter, "
Need a PHP Developer,https://www.naukri.com/job-listings-need-a-php-developer-softhought-kolkata-0-to-1-years-270322006303?src=jobsearchDesk&sid=16494014402828560&xp=13&px=1,Softhought,0-1 Yrs,"1,50,000 - 1,75,000 PA.",Kolkata,"NODE, REACT, IT Skills, PHP, Software Development, Testing, MySQL, JQuery, "
PHP Developer,https://www.naukri.com/job-listings-php-developer-360-bytes-mohali-sas-nagar-bangalore-bengaluru-0-to-5-years-170322007631?src=jobsearchDesk&sid=16494014402828560&xp=14&px=1,360 Bytes,0-5 Yrs,"3,25,000 - 6,00,000 PA.","Mohali/SAS Nagar, Bangalore/Bengaluru","UI, Wordpress, PHP, IT Skills, "
Junior PHP Laravel Software Developer,https://www.naukri.com/job-listings-junior-php-laravel-software-developer-joomonk-technologies-salem-coimbatore-0-to-3-years-050422500887?src=jobsearchDesk&sid=16494014402828560&xp=15&px=1,JooMonk Technologies,0-3 Yrs,Not disclosed,"Salem, Coimbatore","DBMS, Data Structures, C++, Python, structures, Java, PHP, Computer science, "
Web Developer | PHP Developer,https://www.naukri.com/job-listings-web-developer-php-developer-eclick-softwares-and-solutions-private-limited-kolkata-sec-v-0-to-3-years-040422003238?src=jobsearchDesk&sid=16494014402828560&xp=16&px=1,ECLICK SOFTWARES AND SOLUTIONS PRIVATE LIMITED ,0-3 Yrs,Not disclosed,"Kolkata, Sec-V","Wordpress, PHP, HTML, MySQl, OOPS, CMS, Bootstrap, CSS, "
Php And Wordpress Developer,https://www.naukri.com/job-listings-php-and-wordpress-developer-cm-solutionz-mohali-sas-nagar-chandigarh-punjab-0-to-2-years-040422001321?src=jobsearchDesk&sid=16494014402828560&xp=17&px=1,CM Solutionz,0-2 Yrs,"1,25,000 - 3,50,000 PA.","Mohali/SAS Nagar, Chandigarh, Punjab","Php, IT Skills, Project Management, Javascript, BPO, project management, Elementor, Wordpress, "
ColdFusion PHP Developer,https://www.naukri.com/job-listings-coldfusion-php-developer-tekfortune-inc-bangalore-bengaluru-0-to-6-years-050422500242?src=jobsearchDesk&sid=16494014402828560&xp=18&px=1,TekFortune Inc.,0-6 Yrs,Not disclosed,Bangalore/Bengaluru,"Interpersonal skills, Compliance, Web application, Programming, PHP, application architecture, Management, Adobe, "
Software Developer - PHP/Flutter,https://www.naukri.com/job-listings-software-developer-php-flutter-computer-ware-india-pvt-ltd-delhi-ncr-0-to-2-years-280322910710?src=jobsearchDesk&sid=16494014402828560&xp=19&px=1,Computer Ware India Pvt Ltd,0-2 Yrs,Not disclosed,Delhi / NCR,"PHP, Flutter, Object Oriented Programming, IT Skills, Software Development, Cloud, HTML, CSS, "
Fullstack Developer Trainee - PHP,https://www.naukri.com/job-listings-fullstack-developer-trainee-php-ignitho-technologies-india-private-ltd-chennai-0-to-1-years-020422004399?src=jobsearchDesk&sid=16494014402828560&xp=20&px=1,Ignitho,0-1 Yrs,Not disclosed,Chennai,"PHP, Laravel MySQL, HTML, Core PHP, PHP Framework, Javascript, communication, IT Skills, "
Junior React JS Developer,https://www.naukri.com/job-listings-junior-react-js-developer-micropyramid-informatics-pvt-ltd-hyderabad-secunderabad-0-to-1-years-030422000335?src=jobsearchDesk&sid=1649401450143250&xp=1&px=1,Micropyramid Informatics Pvt. Ltd.,0-1 Yrs,"2,50,000 - 3,50,000 PA.",Hyderabad/Secunderabad(WFH during Covid),"react.js, css, javascript, Webpack, Jest, React js, Redux, REACT, "
React Native Developer,https://www.naukri.com/job-listings-react-native-developer-dhanush-infotech-pvt-ltd-hyderabad-secunderabad-0-to-1-years-050422001922?src=jobsearchDesk&sid=1649401450143250&xp=2&px=1,Dhanush Infotech Pvt ltd,0-1 Yrs,Not disclosed,Hyderabad/Secunderabad,"react native, Webpack, Flux, Redux, JavaScript, React, IT Skills, Android Development, "
React JS Developer - Freshers 2022,https://www.naukri.com/job-listings-react-js-developer-freshers-2022-kaptune-media-india-private-limited-noida-0-to-0-years-240322003930?src=jobsearchDesk&sid=1649401450143250&xp=3&px=1,KAPTUNE MEDIA INDIA PRIVATE LIMITED ,0-0 Yrs,"4,00,000 PA.",Noida(Sector-59 Noida),"data structures, communication, analytical, Redux, javascript, React JS, IT Skills, React.Js, "
React Native Developer / Hybrid Developer,https://www.naukri.com/job-listings-react-native-developer-hybrid-developer-newagesys-solutions-p-ltd-kochi-cochin-0-to-3-years-300322004698?src=jobsearchDesk&sid=1649401450143250&xp=4&px=1,NewAgeSys Solutions (P) Ltd.,0-3 Yrs,Not disclosed,Kochi/Cochin,"redux, react native, angular, rest, github, version control, android studio, bitbucket, "
React js,https://www.naukri.com/job-listings-react-js-rj-softwares-kolkata-0-to-10-years-050422500999?src=jobsearchDesk&sid=1649401450143250&xp=5&px=1,RJ Softwares,0-10 Yrs,Not disclosed,Kolkata,"Training, Usage, Translation, Front end, DOM, Web technologies, Javascript, Programming, "
Junior React JS Developer,https://www.naukri.com/job-listings-junior-react-js-developer-cliqhr-com-kolkata-mumbai-hyderabad-secunderabad-pune-chennai-ahmedabad-delhi-ncr-bangalore-bengaluru-0-to-2-years-160322908565?src=jobsearchDesk&sid=1649401450143250&xp=6&px=1,cliqhr.com,0-2 Yrs,Not disclosed,"Kolkata, Mumbai, Hyderabad/Secunderabad, Pune, Chennai, Ahmedabad, Delhi / NCR, Bangalore/Bengaluru(WFH during Covid)","CSS, JavaScript, React JS, Enzyme, Jest, Webpack, project management, Flux, "
React JS Developer(DM-3346),https://www.naukri.com/job-listings-react-js-developer-dm-3346-oodles-technologies-pvt-ltd-gurgaon-gurugram-0-to-1-years-080422002483?src=jobsearchDesk&sid=1649401450143250&xp=7&px=1,Oodles Technologies Pvt Ltd,0-1 Yrs,Not disclosed,Gurgaon/Gurugram,"react js, Html And Css, javascript, React Native, communication, PhoneGap, Sass, Progressive Web Application ) development, "
React JS Developer,https://www.naukri.com/job-listings-react-js-developer-rj-softwares-kolkata-0-to-5-years-020422001156?src=jobsearchDesk&sid=1649401450143250&xp=8&px=1,RJ Softwares,0-5 Yrs,"2,25,000 - 5,00,000 PA.",Kolkata(Topsia),"React.Js, Javascript Object Model, Babel, Dom Manipulation, Javascript, HTML, Node.Js, MongoDB, "
React Native Devloper - Javascript/Redux,https://www.naukri.com/job-listings-react-native-devloper-javascript-redux-medront-mumbai-hyderabad-secunderabad-chennai-delhi-ncr-bangalore-bengaluru-0-to-2-years-300322902750?src=jobsearchDesk&sid=1649401450143250&xp=9&px=1,Medront,0-2 Yrs,Not disclosed,"Mumbai, Hyderabad/Secunderabad, Chennai, Delhi / NCR, Bangalore/Bengaluru(WFH during Covid)","Javascript/Redux, Webpack, React Native, Flux, JavaScript, Redux, React, IT Skills, "
React JS Developer,https://www.naukri.com/job-listings-react-js-developer-rj-softwares-kolkata-0-to-2-years-140219501317?src=jobsearchDesk&sid=1649401450143250&xp=10&px=1,RJ Softwares,0-2 Yrs,Not disclosed,Kolkata,"Translation, development, DOM, code, technical, JSON, tools, quality, "
React JS Developer,https://www.naukri.com/job-listings-react-js-developer-snaphunt-bangalore-bengaluru-0-to-1-years-070322002548?src=jobsearchDesk&sid=1649401450143250&xp=11&px=1,Snaphunt,0-1 Yrs,"1,25,000 - 1,75,000 PA.",Bangalore/Bengaluru,"Enzyme, CSS, Flux, JavaScript, Redux, HTML, React js, REACT, "
Associate Developer React . JS,https://www.naukri.com/job-listings-associate-developer-react-js-resemble-systems-bengaluru-bangalore-0-to-2-years-040820500422?src=jobsearchDesk&sid=1649401450143250&xp=12&px=1,Resemble Systems,0-2 Yrs,Not disclosed,Bengaluru,"IT Skills, React.js, Javascript, Rest, Dom, Git, Redux, React . Js, "
Junior React js Developer,https://www.naukri.com/job-listings-junior-react-js-developer-joomonk-technologies-salem-coimbatore-0-to-3-years-050422500888?src=jobsearchDesk&sid=1649401450143250&xp=13&px=1,JooMonk Technologies,0-3 Yrs,Not disclosed,"Salem, Coimbatore","IT Skills, Java, Python, PHP, Computer science, C++, Networking, Javascript, "
React Js Frontend Developer,https://www.naukri.com/job-listings-react-js-frontend-developer-cybermind-works-llp-chennai-0-to-2-years-050422006949?src=jobsearchDesk&sid=1649401450143250&xp=14&px=1,CYBERMIND WORKS LLP,0-2 Yrs,"2,50,000 - 5,00,000 PA.",Chennai,"CSS, reactjs, Javascript, React.Js, Data Structures And Algorithms, NextJS, SEO, CSS3, "
React Native Developer,https://www.naukri.com/job-listings-react-native-developer-koireader-technologies-private-limited-bangalore-bengaluru-0-to-4-years-220222000259?src=jobsearchDesk&sid=1649401450143250&xp=15&px=1,KOIREADER TECHNOLOGIES PRIVATE LIMITED,0-4 Yrs,Not disclosed,Bangalore/Bengaluru,"redux, front end, css, Mobile Development, android, E56, Hybrid App, Node.Js, "
React Developer,https://www.naukri.com/job-listings-react-developer-vanilla-networks-pvt-ltd-kochi-cochin-calicut-kozhikode-trivandrum-thiruvananthapuram-0-to-1-years-080422000392?src=jobsearchDesk&sid=1649401450143250&xp=16&px=1,Vanilla Networks Pvt Ltd.,0-1 Yrs,Not disclosed,"Kochi/Cochin, Calicut/Kozhikode, Trivandrum/Thiruvananthapuram(WFH during Covid)","React.Js, React JS, Flux, Webpack, front - end development, Redux, HTML, JavaScript, "
React Native developer (DM- 3301),https://www.naukri.com/job-listings-react-native-developer-dm-3301-oodles-technologies-pvt-ltd-gurgaon-gurugram-0-to-1-years-250322004034?src=jobsearchDesk&sid=1649401450143250&xp=17&px=1,Oodles Technologies Pvt Ltd,0-1 Yrs,Not disclosed,Gurgaon/Gurugram,"css, git, native development, REST APIs, XCode, communication, redux, react, "
React Js Developer Trainee,https://www.naukri.com/job-listings-react-js-developer-trainee-ecosmob-technologies-pvt-ltd-ahmedabad-0-to-2-years-041021500849?src=jobsearchDesk&sid=1649401450143250&xp=18&px=1,Ecosmob Technologies Pvt. Ltd.,0-2 Yrs,Not disclosed,Ahmedabad,"ES6 / 7 / 8, Redux RXJS, SCSS, React js, Less, JavaScript, XML, HTML5, "
Associate Developer React . JS,https://www.naukri.com/job-listings-associate-developer-react-js-resemble-systems-india-pvt-ltd-remote-0-to-2-years-291221502069?src=jobsearchDesk&sid=1649401450143250&xp=19&px=1,Resemble Systems India Pvt Ltd,0-2 Yrs,Not disclosed,Remote,"git, React js, JavaScript, REST, React Development, communication, Redux, IT Skills, "
React JS Developer - Fresher,https://www.naukri.com/job-listings-react-js-developer-fresher-synergics-solutions-pvt-ltd-mumbai-all-areas-0-to-1-years-290322010656?src=jobsearchDesk&sid=1649401450143250&xp=20&px=1,Synergics Solutions Pvt Ltd,0-1 Yrs,"1,75,000 - 2,50,000 PA.",Mumbai (All Areas),"react.js, Java script, Data Structures, React js, Redux, JSON, RESTful API, analytical, "
SQL Developer - Data Backup & Migration,https://www.naukri.com/job-listings-sql-developer-data-backup-migration-carbynetech-india-hyderabad-secunderabad-0-to-5-years-170721901137?src=jobsearchDesk&sid=1649401452148607&xp=2&px=1,CarbyneTech India,0-5 Yrs,Not disclosed,Hyderabad/Secunderabad,"Data Migration, PL-SQL, RDBMS, MySQL, SQL Server, Data Backup, Code Versioning Tools, SQL, "
"Bulk Hiring .NET Developer| upto 2 yrs exp| ASP.NET, C# SQL",https://www.naukri.com/job-listings-bulk-hiring-net-developer-upto-2-yrs-exp-asp-net-c-sql-calibrated-healthcare-systems-india-pvt-ltd-gurgaon-gurugram-0-to-2-years-150721002576?src=jobsearchDesk&sid=1649401452148607&xp=3&px=1,Calibrated Healthcare Systems India Pvt. Ltd,0-2 Yrs,"1,25,000 - 5,00,000 PA.",Gurgaon/Gurugram(WFH during Covid),"C#, MS SQL Server, ASP.Net, Software Development, .Net, .NET Framework, "
PHP and SQL Developer,https://www.naukri.com/job-listings-php-and-sql-developer-appsource-services-private-limited-bangalore-bengaluru-0-to-4-years-040422006234?src=jobsearchDesk&sid=1649401452148607&xp=4&px=1,APPSOURCE SERVICES PRIVATE LIMITED,0-4 Yrs,"1,75,000 - 3,50,000 PA.",Bangalore/Bengaluru(HSR Layout +1),"Php Development, Php And Mysql, sql, Php Programming, PHP, IT Skills, CSS, oracle, "
Software Product Developer Engineer - Asp .Net MVC C# SQL JavaScript,https://www.naukri.com/job-listings-software-product-developer-engineer-asp-net-mvc-c-sql-javascript-steerminds-pvt-ltd-bangalore-bengaluru-0-to-2-years-300322000547?src=jobsearchDesk&sid=1649401452148607&xp=5&px=1,Steerminds Pvt Ltd,0-2 Yrs,Not disclosed,Bangalore/Bengaluru(Mico Layout +1),"IT Skills, Testing, C#, XAML, Web Api, LINQ, HTML, JSON, "
"Mobiel Application - AngularJS, PostGre, SQL Server",https://www.naukri.com/job-listings-mobiel-application-angularjs-postgre-sql-server-krishikan-krishikan-pvt-ltd-bangalore-bengaluru-0-to-1-years-250322003415?src=jobsearchDesk&sid=1649401452148607&xp=6&px=1,"Krishikan Krishikan Pvt Ltd.,",0-1 Yrs,"50,000 - 3,00,000 PA.",Bangalore/Bengaluru(WFH during Covid),"SQL Server, "
ETL SQL Developer,https://www.naukri.com/job-listings-etl-sql-developer-collabera-technologies-pvt-ltd-pune-0-to-4-years-250322500064?src=jobsearchDesk&sid=1649401452148607&xp=8&px=1,Collabera Technologies Pvt. Ltd.,0-4 Yrs,Not disclosed,Pune,"SQL, ETL, SQL queries, Debugging, "
SQL Developer (Fresher),https://www.naukri.com/job-listings-sql-developer-fresher-ramco-systems-limited-madurai-0-to-1-years-240322004834?src=jobsearchDesk&sid=1649401452148607&xp=9&px=1,Ramco Systems Limited,0-1 Yrs,Not disclosed,Madurai,"SQL, written communication, data structures, verbal, SQL Server, "
SQL Freshers,https://www.naukri.com/job-listings-sql-freshers-snap-on-business-solutions-india-pvt-ltd-noida-0-to-1-years-300921006702?src=jobsearchDesk&sid=1649401452148607&xp=10&px=1,Snap-on Business Solutions India Pvt. Ltd.,0-1 Yrs,Not disclosed,Noida,"SQL, Communication, RDBMS, SQL Queries, query optimization, Database, PLSQL, "
Data Engineer-SQL,https://www.naukri.com/job-listings-data-engineer-sql-igsa-labs-hyderabad-secunderabad-0-to-2-years-030422000353?src=jobsearchDesk&sid=1649401452148607&xp=11&px=1,IGSA Labs,0-2 Yrs,"2,00,000 - 3,50,000 PA.",Hyderabad/Secunderabad(Habsiguda),"Must have knowledge in SQL, continuous improvements, SQL queries, Performance tuning, unit testing, IT Skills, Testing, My SQL/MS SQL# Should have knowledge of creating schema# Should have knowledge of pl/sql packages#procedures and functions Should have knowledge of SQL loader# Must have knowledge of MS excel, "
Cybage Hiring For Java/SQL Freshers : Support Role : Pune,https://www.naukri.com/job-listings-cybage-hiring-for-java-sql-freshers-support-role-pune-cybage-software-pvt-ltd-pune-0-to-1-years-010422003490?src=jobsearchDesk&sid=1649401452148607&xp=12&px=1,Cybage,0-1 Yrs,Not disclosed,Pune,"java, sql, PL / SQL, debugging, OOPS, REST, verbal, written communication, "
Job Opening For SQL Developer - Navi Mumbai - Immediate To 15 Days,https://www.naukri.com/job-listings-opening-for-sql-developer-navi-mumbai-immediate-to-15-days-talent-sketchers-navi-mumbai-0-to-3-years-290322001078?src=jobsearchDesk&sid=1649401452148607&xp=13&px=1,Talent Sketchers ,0-3 Yrs,Not disclosed,Navi Mumbai,"sql development, SQL, "
Sql Developer Trainee,https://www.naukri.com/job-listings-sql-developer-trainee-appsource-services-private-limited-bangalore-bengaluru-0-to-1-years-310322007120?src=jobsearchDesk&sid=1649401452148607&xp=14&px=1,APPSOURCE SERVICES PRIVATE LIMITED,0-1 Yrs,"1,50,000 - 2,00,000 PA.",Bangalore/Bengaluru(HSR Layout),"SQL Server, Oracle Collection, PL / SQL, SQL, SQL Query tuning, IT Skills, Oracle, functions, "
"SQL Trainee, SQL Developer",https://www.naukri.com/job-listings-sql-trainee-sql-developer-quickxpert-infotech-thane-navi-mumbai-mumbai-all-areas-0-to-5-years-170222006814?src=jobsearchDesk&sid=1649401452148607&xp=15&px=1,Quickxpert infotech,0-5 Yrs,Not disclosed,"Thane, Navi Mumbai, Mumbai (All Areas)","sql, oracle, sql server developer, Oracle SQL, database developer, sql server, plsql developer, plsql programmer, "
Sql Developer,https://www.naukri.com/job-listings-sql-developer-probuz-technologies-private-limited-nagpur-0-to-2-years-240322006685?src=jobsearchDesk&sid=1649401452148607&xp=16&px=1,PROBUZ TECHNOLOGIES PRIVATE LIMITED,0-2 Yrs,Not disclosed,Nagpur,"SQL, SQL server, C++, C, Tsql Development, PLSQL, Tsql Queries, DBMS, "
.Net Backend Developer - ASP/SQL Server,https://www.naukri.com/job-listings-net-backend-developer-asp-sql-server-gharoffice-bangalore-bengaluru-0-to-5-years-301221909168?src=jobsearchDesk&sid=1649401452148607&xp=17&px=1,GharOffice,0-5 Yrs,Not disclosed,Bangalore/Bengaluru,".Net, SQL Server, ASP, IT Skills, Javascript, ASP.Net, C#, Backend Developer, "
.Net Backend Developer - ASP/SQL Server,https://www.naukri.com/job-listings-net-backend-developer-asp-sql-server-gharoffice-bangalore-bengaluru-0-to-5-years-170921903772?src=jobsearchDesk&sid=1649401452148607&xp=18&px=1,GharOffice,0-5 Yrs,Not disclosed,Bangalore/Bengaluru,"IT Skills, Javascript, .Net, ASP.Net, C#, CSS, VB.NET, HTML, "
Urg Opening For Asp.net SQL Server in Software Company,https://www.naukri.com/job-listings-urg-opening-for-asp-net-sql-server-in-software-company-star-n-star-placement-bareilly-lucknow-0-to-5-years-010422005843?src=jobsearchDesk&sid=1649401452148607&xp=19&px=1,Star n Star Placement ,0-5 Yrs,Not disclosed,"Bareilly, Lucknow","SQL Server, Asp net, Communication, IT Skills, ASP.Net, Software Engineering, asp.net  SQL Server, "
Urgent Openings For SQL Support Executive,https://www.naukri.com/job-listings-urgent-openings-for-sql-support-executive-talent-sketchers-mumbai-suburban-navi-mumbai-mumbai-all-areas-0-to-3-years-230322007138?src=jobsearchDesk&sid=1649401452148607&xp=20&px=1,Talent Sketchers ,0-3 Yrs,Not disclosed,"Mumbai Suburban, Navi Mumbai, Mumbai (All Areas)","sql, "
React Js Frontend Developer,https://www.naukri.com/job-listings-react-js-frontend-developer-cybermind-works-llp-chennai-0-to-2-years-050422006949?src=jobsearchDesk&sid=16494014840396499&xp=1&px=1,CYBERMIND WORKS LLP,0-2 Yrs,"2,50,000 - 5,00,000 PA.",Chennai,"CSS, reactjs, Javascript, React.Js, Data Structures And Algorithms, NextJS, SEO, CSS3, "
"Frontend UI (HTML, CSS, JavaScript) Developer",https://www.naukri.com/job-listings-frontend-ui-html-css-javascript-developer-securly-software-india-pvt-ltd-pune-0-to-2-years-280322002641?src=jobsearchDesk&sid=16494014840396499&xp=2&px=1,Securly Software,0-2 Yrs,Not disclosed,Pune(Senapati Bapat Road),"css, html, javascript, CSS framework, Angular, Bootstrap, React, SASS, "
Frontend Developer,https://www.naukri.com/job-listings-frontend-developer-snaphunt-hyderabad-secunderabad-0-to-5-years-040422002109?src=jobsearchDesk&sid=16494014840396499&xp=3&px=1,Snaphunt,0-5 Yrs,"1,75,000 - 3,50,000 PA.",Hyderabad/Secunderabad,"Frontend Development, JS, communication, Bootstrap, Redux, Typescript, Angular, AngularJS, "
Frontend and User Interface Developer,https://www.naukri.com/job-listings-frontend-and-user-interface-developer-zedex-info-private-limited-mumbai-suburban-thane-mumbai-all-areas-0-to-1-years-310322003490?src=jobsearchDesk&sid=16494014840396499&xp=4&px=1,Zedex info private limited ,0-1 Yrs,"90,000 - 2,25,000 PA.","Mumbai Suburban, Thane, Mumbai (All Areas)","html, Css And Javascript, IT Skills, Software Development, Angularjs, Node.js, CSS, Javascript, "
UI/UX Frontend Developers - Freshers / Immediate Opening,https://www.naukri.com/job-listings-ui-ux-frontend-developers-freshers-immediate-opening-e-orchids-techsolutions-private-limited-chennai-0-to-2-years-010422004726?src=jobsearchDesk&sid=16494014840396499&xp=5&px=1,E ORCHIDS TECHSOLUTIONS PRIVATE LIMITED,0-2 Yrs,Not disclosed,Chennai(WFH during Covid),"CSS, Javascript, HTML, JQuery, Ajax, CSS3, Bootstrap, React, "
Angular 6+ Front End Developer/ Sr. Frontend Developer,https://www.naukri.com/job-listings-angular-6-front-end-developer-sr-frontend-developer-ysoft-solution-ahmedabad-0-to-2-years-270120501163?src=jobsearchDesk&sid=16494014840396499&xp=6&px=1,YSoft Solution,0-2 Yrs,Not disclosed,Ahmedabad,"Typescript, Angular6, API Integration, Node JS, analytical, communication, Front end, Debugging, "
Frontend Developer,https://www.naukri.com/job-listings-frontend-developer-sm-it-service-indore-0-to-4-years-300621500528?src=jobsearchDesk&sid=16494014840396499&xp=7&px=1,SM IT Service,0-4 Yrs,Not disclosed,Indore,"Web UI, Backend, github, CSS, jQuery, Front end, Web technologies, Web application, "
Frontend Developer,https://www.naukri.com/job-listings-frontend-developer-famepilot-internet-gurgaon-0-to-2-years-140220500671?src=jobsearchDesk&sid=16494014840396499&xp=8&px=1,Famepilot Internet,0-2 Yrs,Not disclosed,Gurgaon,"UI development, POP, github, Front end, Data structures, wireframing, HTML, Customer support, "
Frontend Developer – JavaScript,https://www.naukri.com/job-listings-frontend-developer-javascript-momentum-metropolitan-services-private-limited-mumbai-0-to-5-years-240122501093?src=jobsearchDesk&sid=16494014840396499&xp=9&px=1,Momentum Metropolitan Services Private Limited,0-5 Yrs,Not disclosed,Mumbai,"Java, Angular, AWS Cloud, IT Skills, Cloud, AWS, Java Developer, Frontend Developer, "
Angular Developer Intern/ FrontEnd Intern,https://www.naukri.com/job-listings-angular-developer-intern-frontend-intern-physicswallah-private-limited-noida-0-to-1-years-260322004808?src=jobsearchDesk&sid=16494014840396499&xp=10&px=1,PHYSICSWALLAH PRIVATE LIMITED ,0-1 Yrs,Not disclosed,Noida(Sector-62 Noida)(WFH during Covid),"Front End, frontend de, Frontend Development, Javascript, Angular, "
Associate Frontend Developer,https://www.naukri.com/job-listings-associate-frontend-developer-multi-recruit-bangalore-bengaluru-0-to-2-years-071221500055?src=jobsearchDesk&sid=16494014840396499&xp=11&px=1,Multi Recruit,0-2 Yrs,Not disclosed,Bangalore/Bengaluru,"Css, Front End, Financial Services, Javascript, Web Designer, Web Application, Html, Object Oriented Programming, "
Senior Software Engineer Frontend,https://www.naukri.com/job-listings-senior-software-engineer-frontend-byju-s-bangalore-bengaluru-0-to-3-years-140921501431?src=jobsearchDesk&sid=16494014840396499&xp=12&px=1,BYJUS,0-3 Yrs,Not disclosed,Bangalore/Bengaluru,"Architect, Front end, GIT, Web technologies, Scalability, Coding, Javascript, SMS, "
Frontend Web Developer,https://www.naukri.com/job-listings-frontend-web-developer-bm-coder-gandhinagar-ahmedabad-rajkot-0-to-2-years-120322000924?src=jobsearchDesk&sid=16494014840396499&xp=13&px=1,BM Coder,0-2 Yrs,"50,000 - 2,50,000 PA.","Gandhinagar, Ahmedabad, Rajkot","Html And Css, Bootstrap Css Framework, Javascript, AJAX, API's, JQuery, Bootstrap, XML, "
Frontend Developer Internship,https://www.naukri.com/job-listings-frontend-developer-internship-heart-it-out-remote-0-to-1-years-100122500426?src=jobsearchDesk&sid=16494014840396499&xp=14&px=1,Heart It Out,0-1 Yrs,Not disclosed,remote,"Css, Wordpress, Javascript, User Experience, Html, Front End Developer, Jquery, "
Frontend developers,https://www.naukri.com/job-listings-frontend-developers-astech-solutions-mumbai-0-to-3-years-231220501688?src=jobsearchDesk&sid=16494014840396499&xp=15&px=1,astech solutions,0-3 Yrs,Not disclosed,Mumbai,"jQuery, Angular, wordpress, Git, bootstrap framework, IT Skills, HTML, CSS, "
Frontend Developer,https://www.naukri.com/job-listings-frontend-developer-weblink-solutions-hyderabad-secunderabad-0-to-6-years-190221500673?src=jobsearchDesk&sid=16494014840396499&xp=16&px=1,Weblink Solutions,0-6 Yrs,Not disclosed,Hyderabad,"PHP Framework, Joomla, AJAX, Drupal, MySQL, jQuery, PHP, WordPress, "
Frontend Developer,https://www.naukri.com/job-listings-frontend-developer-testbook-com-navi-mumbai-0-to-3-years-160921501068?src=jobsearchDesk&sid=16494014840396499&xp=17&px=1,Testbook Edu Solutions,0-3 Yrs,Not disclosed,Navi Mumbai,"continuous integration, GIT, Shell scripting, Javascript, CMS, PHP, test driven development, SEO, "
Frontend Developer,https://www.naukri.com/job-listings-frontend-developer-hrdevi-talent-acquisition-hyderabad-secunderabad-0-to-1-years-040219501181?src=jobsearchDesk&sid=16494014840396499&xp=18&px=1,HRDevi Talent Acquisition,0-1 Yrs,Not disclosed,Hyderabad,"Analytical skills, Translation, Front end, Architecture, Javascript, Programming, Data structures, Internship, "
Frontend Developer - Trainee,https://www.naukri.com/job-listings-frontend-developer-trainee-mocioun-techlabs-pvt-ltd-kozhikode-calicut-0-to-1-years-020720500116?src=jobsearchDesk&sid=16494014840396499&xp=19&px=1,Mocioun TechLabs Pvt. Ltd.,0-1 Yrs,Not disclosed,Kozhikode,"Frontend Developer, testing, "
Frontend Developer - Intern,https://www.naukri.com/job-listings-frontend-developer-intern-ai-monks-remote-0-to-2-years-020421500895?src=jobsearchDesk&sid=16494014840396499&xp=20&px=1,AI Monks,0-2 Yrs,Not disclosed,Remote,"Backend, Front end, Web technologies, Intern, "
Backend / Computer Data Entry Operator / BPO / Back Office Executive,https://www.naukri.com/job-listings-backend-computer-data-entry-operator-bpo-back-office-executive-technosys-database-opc-private-limited-pune-bangalore-bengaluru-mumbai-all-areas-0-to-4-years-070422005635?src=jobsearchDesk&sid=1649401494482665&xp=1&px=1,TECHNOSYS DATABASE (OPC) PRIVATE LIMITED ,0-4 Yrs,"2,50,000 - 4,50,000 PA.","Pune, Bangalore/Bengaluru, Mumbai (All Areas)","Customer Service, BPO, voice, back office, data entry, Computer Operator, Mis Executive, Non Voice Process, "
Backend / Computer Data Entry Operator / BPO / Back Office Executive,https://www.naukri.com/job-listings-backend-computer-data-entry-operator-bpo-back-office-executive-bsq-infotech-noida-gurgaon-gurugram-delhi-ncr-0-to-3-years-080422000401?src=jobsearchDesk&sid=1649401494482665&xp=2&px=1,BSQ INFOTECH  ,0-3 Yrs,"1,25,000 - 2,75,000 PA.","Noida, Gurgaon/Gurugram, Delhi / NCR","Technical Support, BPO, data entry, night shift, Email Support, browsing, backend executive, screening, "
Backend / Computer Data Entry Operator / BPO / Back Office Executive,https://www.naukri.com/job-listings-backend-computer-data-entry-operator-bpo-back-office-executive-bsq-infotech-noida-gurgaon-gurugram-delhi-ncr-0-to-3-years-070422000420?src=jobsearchDesk&sid=1649401494482665&xp=3&px=1,BSQ INFOTECH  ,0-3 Yrs,"1,25,000 - 2,75,000 PA.","Noida, Gurgaon/Gurugram, Delhi / NCR","Technical Support, BPO, data entry, night shift, Email Support, browsing, backend executive, screening, "
Backend / Computer Data Entry Operator / BPO / Back Office Executive,https://www.naukri.com/job-listings-backend-computer-data-entry-operator-bpo-back-office-executive-freelancer-prateek-singh-pune-0-to-3-years-060422008574?src=jobsearchDesk&sid=1649401494482665&xp=4&px=1,Freelancer Prateek Singh ,0-3 Yrs,"1,25,000 - 3,00,000 PA.",Pune(WFH during Covid),"Call Center, Customer Handling, BPO, data entry, Customer Service, International Call Center, Bdm, Voice Process, "
Backend / Computer Data Entry Operator / BPO / Back Office Executive,https://www.naukri.com/job-listings-backend-computer-data-entry-operator-bpo-back-office-executive-freelancer-mohd-shaan-mumbai-thane-navi-mumbai-0-to-3-years-070422000912?src=jobsearchDesk&sid=1649401494482665&xp=5&px=1,Freelancer Mohd. Shaan ,0-3 Yrs,"1,25,000 - 3,50,000 PA.","Mumbai, Thane, Navi Mumbai(WFH during Covid)","BPO, data entry, back office, "
Backend / Computer Data Entry Operator / BPO / Back Office Executive,https://www.naukri.com/job-listings-backend-computer-data-entry-operator-bpo-back-office-executive-seal-tech-pvt-ltd-pune-0-to-2-years-050422000311?src=jobsearchDesk&sid=1649401494482665&xp=6&px=1,SEAL TECH PVT LTD,0-2 Yrs,"1,00,000 - 2,50,000 PA.",Pune,"Backend, back office, "
Back Office Executive| Backend | data Entry | non Voice | BPO |Fresher,https://www.naukri.com/job-listings-back-office-executive-backend-data-entry-non-voice-bpo-fresher-jobsdeed-pune-0-to-2-years-080422000278?src=jobsearchDesk&sid=1649401494482665&xp=7&px=1,Jobsdeed ,0-2 Yrs,"1,50,000 - 3,50,000 PA.",Pune,"BPO, Front Office, Data Entry, fresher, chat, non voice, day shift, Non Voice Process, "
Backend / Computer Data Entry Operator / BPO / Back Office Executive,https://www.naukri.com/job-listings-backend-computer-data-entry-operator-bpo-back-office-executive-bsq-infotech-noida-gurgaon-gurugram-delhi-ncr-0-to-3-years-100122000570?src=jobsearchDesk&sid=1649401494482665&xp=8&px=1,BSQ INFOTECH  ,0-3 Yrs,"1,25,000 - 2,75,000 PA.","Noida, Gurgaon/Gurugram, Delhi / NCR","BPO, data entry, night shift, Email Support, browsing, backend executive, screening, mnc, "
Backend / Computer Data Entry Operator / BPO / Back Office Executive,https://www.naukri.com/job-listings-backend-computer-data-entry-operator-bpo-back-office-executive-freelancer-mohd-shaan-mumbai-thane-navi-mumbai-0-to-2-years-040422000634?src=jobsearchDesk&sid=1649401494482665&xp=9&px=1,Freelancer Mohd. Shaan ,0-2 Yrs,"1,25,000 - 3,50,000 PA.","Mumbai, Thane, Navi Mumbai(WFH during Covid)","BPO, data entry, domestic bpo, "
Backend / Computer Data Entry Operator / BPO / Back Office Executive,https://www.naukri.com/job-listings-backend-computer-data-entry-operator-bpo-back-office-executive-bsd-technologies-private-limited-pune-bangalore-bengaluru-mumbai-all-areas-0-to-5-years-240322001023?src=jobsearchDesk&sid=1649401494482665&xp=10&px=1,BSD Technologies Private Limited,0-5 Yrs,"1,50,000 - 4,00,000 PA.","Pune, Bangalore/Bengaluru, Mumbai (All Areas)","BPO, non voice, inbound, back office, telecalling, data entry, Tem Leader, Computer Operator, "
Backend / Computer Data Entry Operator / BPO / Back Office Executive,https://www.naukri.com/job-listings-backend-computer-data-entry-operator-bpo-back-office-executive-seal-tech-pvt-ltd-pune-0-to-3-years-300322000413?src=jobsearchDesk&sid=1649401494482665&xp=11&px=1,SEAL TECH PVT LTD,0-3 Yrs,"1,25,000 - 3,00,000 PA.",Pune,"excel, ms excel, mis executive, advance excel, ms office, "
Backend / Computer Data Entry Operator / BPO / Back Office Executive,https://www.naukri.com/job-listings-backend-computer-data-entry-operator-bpo-back-office-executive-seal-tech-pvt-lid-pune-0-to-2-years-280322000287?src=jobsearchDesk&sid=1649401494482665&xp=12&px=1,SEAL TECH PVT LID,0-2 Yrs,"1,00,000 - 2,50,000 PA.",Pune,"bpo call center, English, computer operating, domestic bpo, bpo fresher, back office, Data Entry, selection process, "
Computer Data Entry Operator / Backend / BPO / Back Office Executive,https://www.naukri.com/job-listings-computer-data-entry-operator-backend-bpo-back-office-executive-jobsdeed-pune-0-to-0-years-280322000207?src=jobsearchDesk&sid=1649401494482665&xp=13&px=1,Jobsdeed ,0-0 Yrs,"1,25,000 - 3,00,000 PA.",Pune,"BPO, back office, data entry, Cca, Email Support, Customer Service, Typing, cce, "
Backend / Computer Data Entry Operator / BPO / Back Office Executive,https://www.naukri.com/job-listings-backend-computer-data-entry-operator-bpo-back-office-executive-freelancer-prateek-singh-pune-0-to-3-years-260322000618?src=jobsearchDesk&sid=1649401494482665&xp=14&px=1,Freelancer Prateek Singh ,0-3 Yrs,"1,25,000 - 3,00,000 PA.",Pune(WFH during Covid),"BPO, data entry, Customer Service, International Call Center, Bdm, Voice Process, Backend, Customer Support, "
Back Office Executive| Backend | data Entry | non Voice | BPO,https://www.naukri.com/job-listings-back-office-executive-backend-data-entry-non-voice-bpo-creative-hands-hr-consultancy-indore-hyderabad-secunderabad-pune-ahmedabad-chennai-bangalore-bengaluru-0-to-5-years-040422000655?src=jobsearchDesk&sid=1649401494482665&xp=15&px=1,Creative Hands HR Consultancy,0-5 Yrs,"4,00,000 - 6,00,000 PA.","Indore, Hyderabad/Secunderabad, Pune, Ahmedabad, Chennai, Bangalore/Bengaluru","Data Entry, Backend, Back Office, bpo, freshers, bpo freshers, inbound, Selection Process, "
Backend / Computer Data Entry Operator / BPO / Back Office Executive,https://www.naukri.com/job-listings-backend-computer-data-entry-operator-bpo-back-office-executive-freelancer-mohd-shaan-mumbai-thane-navi-mumbai-0-to-2-years-290322005159?src=jobsearchDesk&sid=1649401494482665&xp=16&px=1,Freelancer Mohd. Shaan ,0-2 Yrs,"1,25,000 - 3,50,000 PA.","Mumbai, Thane, Navi Mumbai(WFH during Covid)","BPO, data entry, bpo call center, English, computer operating, domestic bpo, bpo fresher, back office, "
Back Office Executive| Backend | Data Entry | Non Voice | BPO,https://www.naukri.com/job-listings-back-office-executive-backend-data-entry-non-voice-bpo-freelancer-mohd-shaan-mumbai-thane-navi-mumbai-0-to-2-years-040422000673?src=jobsearchDesk&sid=1649401494482665&xp=17&px=1,Freelancer Mohd. Shaan ,0-2 Yrs,"1,25,000 - 3,50,000 PA.","Mumbai, Thane, Navi Mumbai(WFH during Covid)","BPO, data entry, domestic bpo, "
Back Office Executive| Backend | Data Entry | Non Voice | BPO,https://www.naukri.com/job-listings-back-office-executive-backend-data-entry-non-voice-bpo-freelancer-mohd-shaan-pune-0-to-3-years-010422000666?src=jobsearchDesk&sid=1649401494482665&xp=18&px=1,Freelancer Mohd. Shaan ,0-3 Yrs,"1,25,000 - 3,50,000 PA.",Pune,"BPO, data entry, bpo call center, domestic bpo, "
Backend - Kolkata,https://www.naukri.com/job-listings-backend-kolkata-2coms-kolkata-rajarhat-0-to-5-years-060422901250?src=jobsearchDesk&sid=1649401494482665&xp=19&px=1,2Coms,0-5 Yrs,"50,000 - 3,00,000 PA.","Kolkata, Rajarhat","bpo, voice, "
Data Entry Operator Executive-Backend,https://www.naukri.com/job-listings-data-entry-operator-executive-backend-maxic-arrow-gurgaon-gurugram-sohna-0-to-2-years-060422009722?src=jobsearchDesk&sid=1649401494482665&xp=20&px=1,MAXIC ARROW ,0-2 Yrs,"1,50,000 - 1,75,000 PA.","Gurgaon/Gurugram(IT Park +2), Sohna","Office Administration, Back Office, Data Entry, Office Assistance, Backend, Backend Operations, Data Entry Operation, Office Coordination, "
Fullstack Developer-React JS-,https://www.naukri.com/job-listings-fullstack-developer-react-js-techathalon-software-solutions-private-limited-mumbai-navi-mumbai-mumbai-all-areas-0-to-3-years-030322008513?src=jobsearchDesk&sid=16494015297866515&xp=1&px=1,TECHATHALON SOFTWARE SOLUTIONS PRIVATE LIMITED,0-3 Yrs,"1,50,000 - 3,00,000 PA.","Mumbai(Mulund), Navi Mumbai, Mumbai (All Areas)","node.js, IT Skills, Software Development, Javascript, Building Applications, Angularjs, Full Stack Application Development, Full Stack, "
Java Fullstack Developer Fresher  (Product Firm) (Remote),https://www.naukri.com/job-listings-java-fullstack-developer-fresher-product-firm-remote-full-creative-chennai-0-to-2-years-290921009820?src=jobsearchDesk&sid=16494015297866515&xp=2&px=1,FULL CREATIVE  ,0-2 Yrs,Not disclosed,Remote,"Java, Javascript, IT Skills, Cloud, Oracle, AWS, Hibernate, Spring Mvc, "
Fullstack Developer Trainee - PHP,https://www.naukri.com/job-listings-fullstack-developer-trainee-php-ignitho-technologies-india-private-ltd-chennai-0-to-1-years-020422004399?src=jobsearchDesk&sid=16494015297866515&xp=3&px=1,Ignitho,0-1 Yrs,Not disclosed,Chennai,"PHP, Laravel MySQL, HTML, Core PHP, PHP Framework, Javascript, communication, IT Skills, "
Fullstack Developer,https://www.naukri.com/job-listings-fullstack-developer-goprac-com-bangalore-bengaluru-0-to-2-years-250322001989?src=jobsearchDesk&sid=16494015297866515&xp=4&px=1,Goprac.com,0-2 Yrs,"3,75,000 - 4,50,000 PA.",Bangalore/Bengaluru(HSR Layout)(WFH during Covid),"MySQL, javascript, css, python, node.js, HTML, jquery, "
Fullstack Developer- Bangalore,https://www.naukri.com/job-listings-fullstack-developer-bangalore-arcadix-infotech-private-limited-bangalore-bengaluru-0-to-5-years-080217004406?src=jobsearchDesk&sid=16494015297866515&xp=5&px=1,Arcadix Infotech Private Limited,0-5 Yrs,Not disclosed,Bangalore/Bengaluru(WFH during Covid),"c#, asp.net, net4.7, json, web api, javascript, sql server, postgres, "
Fullstack Developer,https://www.naukri.com/job-listings-fullstack-developer-akana-services-private-limited-india-0-to-3-years-080422000303?src=jobsearchDesk&sid=16494015297866515&xp=6&px=1,AKANA SERVICES PRIVATE LIMITED   ,0-3 Yrs,Not disclosed,India,"Java, Fullstack Development, AWS, javascript, Angular, CSS, WordPress, Figma, "
Software Engineer - III - Fullstack,https://www.naukri.com/job-listings-software-engineer-iii-fullstack-walmart-global-tech-india-other-0-to-5-years-060422909487?src=jobsearchDesk&sid=16494015297866515&xp=7&px=1,Walmart Global Tech India,0-5 Yrs,Not disclosed,Other,"NA, "
Fullstack Developer_Eco,https://www.naukri.com/job-listings-fullstack-developer-eco-ibm-india-pvt-limited-ahmedabad-0-to-3-years-050422905081?src=jobsearchDesk&sid=16494015297866515&xp=8&px=1,IBM,0-3 Yrs,Not disclosed,Ahmedabad,"IT Skills, Java, Software Development, Testing, Cloud, DevOps, HTML, SOA, "
Fullstack Developer Intern,https://www.naukri.com/job-listings-fullstack-developer-intern-cravita-technologies-india-opc-private-limited-pune-0-to-0-years-070422009461?src=jobsearchDesk&sid=16494015297866515&xp=9&px=1,CRAVITA TECHNOLOGIES INDIA (OPC) PRIVATE LIMITED,0-0 Yrs,"1,00,000 - 2,00,000 PA.",Pune,"HTML, Software Testing, PHP, Python, JAVA, NET, IT Skills, Testing, "
Fullstack Developer - Java & Angular,https://www.naukri.com/job-listings-fullstack-developer-java-angular-clarivate-analytics-hyderabad-secunderabad-bangalore-bengaluru-0-to-2-years-220322501148?src=jobsearchDesk&sid=16494015297866515&xp=10&px=1,Clarivate,0-2 Yrs,Not disclosed,"Hyderabad/Secunderabad, Bangalore/Bengaluru","Analytical, Programming, Business solutions, Internship, SQL, Python, "
Fullstack Developer,https://www.naukri.com/job-listings-fullstack-developer-webicoders-it-solutions-private-limited-new-delhi-0-to-1-years-060422001731?src=jobsearchDesk&sid=16494015297866515&xp=11&px=1,Webicoders IT Solutions Private Limited,0-1 Yrs,"50,000 - 2,00,000 PA.",New Delhi(Jhandewalan),"CSS, PHP, HTML, WordPress, MySQL, Figma, JavaScript, Photoshop, "
Fullstack Developer,https://www.naukri.com/job-listings-fullstack-developer-sulekha-com-new-media-private-limited-chennai-0-to-5-years-220322006815?src=jobsearchDesk&sid=16494015297866515&xp=12&px=1,Sulekha,0-5 Yrs,Not disclosed,Chennai(Perungudi),"javascript, C#, angular, Vue.Js, css, asp.net web api, .net core, Bootstrap, "
Fullstack Developer,https://www.naukri.com/job-listings-fullstack-developer-vedika-web-solutions-pune-0-to-1-years-110322006113?src=jobsearchDesk&sid=16494015297866515&xp=13&px=1,Vedika Web Solutions,0-1 Yrs,"3,00,000 - 5,00,000 PA.",Pune(Baner)(WFH during Covid),"WordPress OO, JavaScript, design pattern, REST, Git, Shopify, GraphQL, Github, "
Fullstack Developer For Freshers 0-2 Yrs Exp,https://www.naukri.com/job-listings-fullstack-developer-for-freshers-0-2-yrs-exp-eclatansys-information-private-limited-hyderabad-secunderabad-0-to-2-years-220322003937?src=jobsearchDesk&sid=16494015297866515&xp=14&px=1,eclatansys Information private limited ,0-2 Yrs,Not disclosed,Hyderabad/Secunderabad,"React Na, spring boot, angular, Hibernate, Maven, communication, Typescript, JPA, "
Fullstack Developer,https://www.naukri.com/job-listings-fullstack-developer-bitontree-ahmedabad-0-to-3-years-180320500537?src=jobsearchDesk&sid=16494015297866515&xp=15&px=1,Bitontree,0-3 Yrs,Not disclosed,Ahmedabad,"RESTful APIs, TypeScript, Git, Github, Redux, ES6, Node js, React js, "
Fullstack Developer,https://www.naukri.com/job-listings-fullstack-developer-frendy-ahmedabad-0-to-3-years-140322004411?src=jobsearchDesk&sid=16494015297866515&xp=16&px=1,Frendy,0-3 Yrs,"3,00,000 - 8,00,000 PA.",Ahmedabad(Prahlad Nagar),"Node, IT Skills, Testing, Quality Assurance, Vue.Js, MySQL, Javascript, Node.Js, "
Fullstack Web Developer,https://www.naukri.com/job-listings-fullstack-web-developer-busigence-technologies-remote-0-to-4-years-220322500558?src=jobsearchDesk&sid=16494015297866515&xp=17&px=1,Busigence Technologies,0-4 Yrs,Not disclosed,Remote,"IT Skills, Cloud, Javascript, Managed services, Web technologies, Artificial Intelligence, Web development, Machine learning, "
Fullstack developer For a Leading Product Development Company,https://www.naukri.com/job-listings-fullstack-developer-for-a-leading-product-development-company-myfutureapp-bangalore-bengaluru-0-to-1-years-160322002656?src=jobsearchDesk&sid=16494015297866515&xp=18&px=1,MYFUTUREAPP ,0-1 Yrs,"2,50,000 - 3,50,000 PA.",Bangalore/Bengaluru,"IT Skills, Java, Testing, Team Management, Development Management, Code Analytics, IT, Development Planning, "
Fullstack Developer - Reputed Company - Delhi,https://www.naukri.com/job-listings-fullstack-developer-reputed-company-delhi-pms-consulting-delhi-ncr-0-to-3-years-310322008468?src=jobsearchDesk&sid=16494015297866515&xp=19&px=1,PMS Consulting ,0-3 Yrs,"5,00,000 - 6,00,000 PA.",Delhi / NCR,"Fullstack Development, coding, Node.Js, React.Js, "
Software Engineer ( FULLSTACK ),https://www.naukri.com/job-listings-software-engineer-fullstack-aqugen-gurgaon-gurugram-0-to-2-years-280122500174?src=jobsearchDesk&sid=16494015297866515&xp=20&px=1,Aqugen,0-2 Yrs,Not disclosed,Gurgaon/Gurugram,"Software Engineer (FULLSTACK), "
